recorded_fps,recorded_frames,total_stream_time
0.476551369298877,12,25.180916
0.3279092766846011,11,33.545864
0.46330688252566743,15,32.375949
